theater_id,longitude,latitude,city,state,zipcode
1000,-93.24565,44.85466,Bloomington,MN,55425
1003,-76.512016,38.29697,California,MD,20619
1008,-121.96328,38.367649,Vacaville,CA,95688
1004,-86.642662,33.605438,Birmingham,AL,35235
1002,-111.89966,33.430729,Tempe,AZ,85281
1010,-85.76461,38.327175,Clarksville,IN,47129
1014,-119.7412,39.579536,Sparks,NV,89436
1012,-100.81213,46.829876,Bismarck,ND,58503
1009,-118.11414,33.760353,Long Beach,CA,90803
1013,-77.459908,37.667957,Glen Allen,VA,23059
1017,-100.50107,31.435648,San Angelo,TX,76904
1018,-117.83625,34.11612,Glendora,CA,91740
1015,-78.382912,40.490524,Altoona,PA,16602
1011,-118.3960826,33.9051385,El Segundo,CA,90245
1019,-121.65946,36.715809,Salinas,CA,93906
101,-117.674814,33.590599,Mission Viejo,CA,92691
1021,-122.51875,37.966579,San Rafael,CA,94901
1020,-116.28111,33.709164,La Quinta,CA,92253
1026,-72.583824,41.998211,Enfield,CT,06082
1023,-96.608055,33.685692,Sherman,TX,75092
1022,-77.532104,39.098255,Leesburg,VA,20176
1025,-85.990822,40.038788,Noblesville,IN,46060
1024,-97.783157,32.727791,Weatherford,TX,76087
1027,-97.429245,32.804398,Fort Worth,TX,76135
1028,-73.980011,40.754333,New York,NY,10017
1037,-84.758972,33.393749,Newnan,GA,30265
1029,-73.871277,41.310825,Mohegan Lake,NY,10547
1038,-97.080109,33.06926,Flower Mound,TX,75028
1030,-104.61839,38.329201,Pueblo,CO,81008
1034,-98.382164,40.933624,Grand Island,NE,68803
1031,-105.25302,40.01675,Boulder,CO,80301
1032,-96.972069,32.920174,Irving,TX,75063
1047,-88.359596,44.241451,Appleton,WI,54915
1035,-97.150681,32.598038,Mansfield,TX,76063
1036,-76.874817,42.153339,Elmira,NY,14903
102,-117.92427,34.071552,West Covina,CA,91790
1039,-76.831116,41.244911,Muncy,PA,17756
103,-117.92119,33.996811,City Of Industry,CA,91748
1043,-122.76134,47.058128,Lacey,WA,98516
1044,-115.24371,36.064461,Las Vegas,NV,89113
1045,-122.09568,37.423073,Mountain View,CA,94043
1055,-93.152992,44.83189,Eagan,MN,55123
1016,-114.33124,48.239506,Kalispell,MT,59901
1048,-87.637192,41.56646,Homewood,IL,60430
1050,-82.017853,41.466305,Avon,OH,44011
1049,-84.597,33.397484,Peachtree City,GA,30269
1051,-78.934631,35.907135,Durham,NC,27713
1052,-89.515335,44.522335,Plover,WI,54467
104,-118.36559,33.897167,Hawthorne,CA,90250
1053,-76.725204,39.155998,Hanover,MD,21076
1046,-121.72911,37.963871,Brentwood,CA,94513
1064,-86.509552,36.164974,Mt Juliet,TN,37122
1056,-111.60139,33.384254,Mesa,AZ,85209
1058,-122.43715,45.505295,Gresham,OR,97030
1070,-85.250465,35.148224,Hixson,TN,37343
1061,-121.81196,36.66708,Marina,CA,93933
1063,-101.30759,48.203568,Minot,ND,58701
1066,-87.798416,41.550053,Tinley Park,IL,60477
1076,-117.081023,33.484079,Temecula,CA,92592
1067,-73.152496,41.233082,Trumbull,CT,06611
1077,-110.25728,31.529169,Sierra Vista,AZ,85635
105,-117.537857,34.10677,Rancho Cucamonga,CA,91739
1069,-73.739922,40.626957,Lawrence,NY,11559
1073,-91.321,39.93423,Quincy,IL,62305
1071,-83.853539,34.297371,Gainesville,GA,30501
1072,-95.431725,30.050264,Spring,TX,77388
1086,-78.16511,39.16421,Winchester,VA,22601
1079,-105.09621,40.15467,Longmont,CO,80501
1088,-71.06851,42.39917,Everett,MA,02149
1078,-116.59116,43.611172,Nampa,ID,83687
107,-118.3493,33.805847,Torrance,CA,90505
1081,-98.431946,29.350693,San Antonio,TX,78235
1082,-98.464653,29.611219,San Antonio,TX,78232
1080,-93.225464,30.199205,Lake Charles,LA,70601
1083,-97.947754,30.310236,Bee Cave,TX,78738
1094,-86.230759,39.934792,Carmel,IN,46032
1095,-82.8302,42.67009,Chesterfield,MI,48051
1096,-83.043732,39.879684,Grove City,OH,43123
1097,-85.835876,33.604454,Oxford,AL,36203
106,-118.1447,34.597626,Palmdale,CA,93551
1089,-75.959389,43.97506,Watertown,NY,13601
108,-117.351461,34.471948,Victorville,CA,92392
1091,-73.503448,44.700077,Plattsburgh,NY,12901
1090,-66.16224,18.42217,Bayamon,PR,00961
109,-118.4389,34.035656,Los Angeles,CA,90064
1099,-81.8160406,41.313093,Strongsville,OH,44136
1101,-96.559006,39.181942,Manhattan,KS,66502
1093,-96.025322,41.136444,Papillion,NE,68046
1104,-122.68615,45.61493,Portland,OR,97217
1092,-77.034,38.929,Washington,DC,20010
10,-93.025986,45.036556,Maplewood,MN,55109
1106,-95.039848,45.100941,Willmar,MN,56201
1107,-80.989288,35.101517,Charlotte,NC,28273
1109,-112.27374,33.463428,Avondale,AZ,85323
1108,-80.834904,35.213101,Charlotte,NC,28204
1102,-92.241463,38.580399,Jefferson City,MO,65109
1113,-115.52876,32.770676,El Centro,CA,92243
1115,-73.83701,40.75585,Flushing,NY,11354
1087,-76.6757,39.98238,York,PA,17402
1110,-80.742401,32.42247,Beaufort,SC,29906
1119,-118.16783,33.807213,Signal Hill,CA,90755
1057,-76.483322,39.33239,Rosedale,MD,21237
1085,-82.11652,36.63588,Bristol,VA,24202
110,-117.46361,33.914719,Riverside,CA,92503
1084,-111.57584,35.223331,Flagstaff,AZ,86004
1126,-71.060478,42.327961,Dorchester,MA,02125
1120,-80.027075,32.795545,Charleston,SC,29407
1121,-87.127319,37.719315,Owensboro,KY,42301
1118,-66.07188,18.42684,San Juan,PR,00918
111,-118.0133,33.750256,Westminster,CA,92683
1123,-87.850174,41.172596,Bourbonnais,IL,60914
1098,-75.028412,39.935669,Cherry Hill,NJ,08002
1125,-122.44702,37.782257,San Francisco,CA,94118
1124,-108.59233,39.08596,Grand Junction,CO,81505
1127,-76.069237,43.045792,DeWitt,NY,13214
1112,-110.98976,32.15375,Tucson,AZ,85706
1128,-122.2129,38.136486,Vallejo,CA,94591
1129,-77.052582,39.035542,Wheaton,MD,20902
112,-118.87419,34.182625,Thousand Oaks,CA,91360
1130,-86.89312,36.134159,Nashville,TN,37209
1131,-78.812096,42.790466,Buffalo,NY,14219
1141,-82.574356,27.463388,Bradenton,FL,34205
1132,-80.674644,35.419713,Concord,NC,28027
1134,-104.77771,39.764637,Aurora,CO,80011
1136,-80.25539,26.23946,Coral Springs,FL,33071
1135,-81.790421,26.491123,Fort Myers,FL,33913
1137,-74.227783,40.147621,Howell,NJ,07731
1138,-69.98002,43.93842,Topsham,ME,04086
114,-117.93148,33.916073,Fullerton,CA,92835
1140,-71.22894,42.01262,Mansfield,MA,02048
1142,-87.64116,41.86686,Chicago,IL,60607
1133,-80.87305,35.59451,Mooresville,NC,28117
1143,-110.93728,32.42561,Oro Valley,AZ,85737
1145,-116.98512,32.83952,Santee,CA,92071
1157,-91.019234,30.43948,Baton Rouge,LA,70816
1147,-87.764252,43.711769,Kohler,WI,53044
1149,-80.423721,37.168324,Christiansburg,VA,24073
1148,-94.18157,36.30581,Rogers,AR,72758
113,-118.53696,34.429134,Santa Clarita,CA,91350
1152,-78.763435,42.914886,Cheektowaga,NY,14225
1153,-97.70874,30.306004,Austin,TX,78723
1154,-74.57343,40.38204,Monmouth Jct,NJ,08852
1155,-80.85369,35.34679,Charlotte,NC,28216
1156,-81.586365,28.520824,Winter Garden,FL,34787
1168,-80.20118,26.66385,Wellington,FL,33414
116,-118.59945,34.18998,Canoga Park,CA,91303
115,-117.198,33.557571,Murrieta,CA,92562
1160,-95.50827,29.852411,Houston,TX,77040
1164,-79.838371,40.54586,Tarentum,PA,15084
1162,-86.804466,33.225689,Alabaster,AL,35007
1166,-88.265358,42.361271,Mchenry,IL,60050
1165,-87.80494,42.10671,Northbrook,IL,60062
1167,-83.34086,40.23074,Marysville,OH,43040
1169,-88.333092,42.156265,Algonquin,IL,60102
1146,-111.98746,40.61105,West Jordan,UT,84084
1159,-84.683434,34.034866,Acworth,GA,30101
1170,-88.32581,41.69234,Oswego,IL,60543
1171,-104.96501,39.59486,Centennial,CO,80122
1172,-73.9310055,40.8172327,Bronx,NY,10451
1174,-89.097679,30.44689,Gulfport,MS,39503
1177,-74.28497,39.71047,Manahawkin,NJ,08050
1178,-80.47569,25.45232,Florida City,FL,33034
117,-118.05516,33.86932,Cerritos,CA,90703
1180,-118.55508,34.23403,Northridge,CA,91324
1183,-76.2364,43.18766,Liverpool,NY,13090
1185,-83.69113,32.61862,Warner Robins,GA,31093
1184,-81.64426,28.24956,Davenport,FL,33837
1186,-84.4603709,34.2379951,Canton,GA,30114
1187,-117.26584,33.06663,Encinitas,CA,92024
1188,-119.72599,36.84002,Clovis,CA,93612
1189,-111.73894,33.30795,Gilbert,AZ,85295
1190,-121.086269,38.928965,Auburn,CA,95603
118,-119.15649,34.224163,Oxnard,CA,93036
1191,-87.95186,42.57202,Kenosha,WI,53142
1192,-87.92074,43.32195,Grafton,WI,53024
1193,-75.451571,40.1856597,Collegeville,PA,19426
1194,-104.7091322,40.4233142,Greeley,CO,80634
1197,-76.24735,40.04728,Lancaster,PA,17601
1252,-84.8507,39.831001,Richmond,IN,47374
1258,-80.251185,26.094541,Davie,FL,33324
119,-117.89194,33.6884,Costa Mesa,CA,92626
120,-122.71011,38.420128,Santa Rosa,CA,95407
11,-93.261429,45.126179,Blaine,MN,55434
121,-119.78667,36.849934,Fresno,CA,93720
1224,-105.08081,39.71035,Lakewood,CO,80226
1220,-122.04142,47.54935,Issaquah,WA,98027
122,-115.24034,36.196686,Las Vegas,NV,89108
124,-116.40418,33.726726,Palm Desert,CA,92260
123,-110.96164,32.287407,Tucson,AZ,85705
1198,-117.83397,33.82801,Orange,CA,92865
130,-118.56584,34.276062,Northridge,CA,91326
125,-118.07932,34.150719,Pasadena,CA,91107
1266,-81.71148,38.33651,Charleston,WV,25309
1267,-78.842452,40.276584,Johnstown,PA,15904
126,-117.73631,33.874023,Yorba Linda,CA,92885
127,-118.13409,33.852024,Lakewood,CA,90712
137,-118.32756,34.189072,Burbank,CA,91504
128,-119.78868,39.475178,Reno,NV,89502
129,-121.26063,38.773228,Roseville,CA,95678
131,-117.69006,34.091671,Montclair,CA,91763
1199,-77.277419,38.841902,Fairfax,VA,22031
133,-121.42125,38.59877,Sacramento,CA,95815
134,-121.88036,37.70369,Dublin,CA,94568
1388,-90.4611995,30.5043583,Hammond,LA,70403
138,-122.30667,37.990162,Pinole,CA,94564
12,-94.209656,45.55275,Saint Cloud,MN,56301
1380,-75.9973,42.09728,Vestal,NY,13850
1381,-87.623052,41.898798,Chicago,IL,60611
1382,-84.16388,35.90045,Farragut,TN,37934
1383,-82.61861,28.47326,Spring Hill,FL,34607
1385,-83.01149,35.46517,Waynesville,NC,28786-6875
1386,-117.01664,32.77816,La Mesa,CA,91942
1387,-98.07806,29.72633,New Braunfels,TX,78130
13,-96.842743,46.857113,Fargo,ND,58103
136,-122.05458,38.260357,Fairfield,CA,94533
1403,-75.2858,40.65766,Easton,PA,18045
1394,-74.15178,41.3194,Monroe,NY,10950
1395,-75.36817,40.46084,Quakertown,PA,18951
1396,-121.72698,38.67245,Woodland,CA,95776-5406
1397,-95.16158,29.99776,Humble,TX,77346
1399,-89.867362,35.103514,Memphis,TN,38119
1400,-77.691307,43.209003,Rochester,NY,14626
135,-122.0574,37.942162,Pleasant Hill,CA,94523
1402,-111.81945,40.383049,American Fork,UT,84003
1401,-95.815704,36.325153,Owasso,OK,74055
1391,-119.875481,34.425956,Goleta,CA,93117
1404,-95.756981,29.542709,Rosenberg,TX,77471
1405,-82.353157,28.240932,Wesley Chapel,FL,33544
1406,-83.203514,42.285866,Allen Park,MI,48101
1409,-117.17145,33.68198,Menifee,CA,92584
1407,-71.503601,42.1623,Milford,MA,01757
140,-122.24272,37.501781,San Carlos,CA,94070
1408,-84.129593,34.192852,Cumming,GA,30041
1410,-104.76179,39.511303,Parker,CO,80138
1411,-81.421944,28.340727,Kissimmee,FL,34741
1412,-96.613983,32.945286,Garland,TX,75040
1413,-95.696732,29.965698,Cypress,TX,77429
1415,-122.18894,48.146492,Marysville,WA,98271
1417,-96.452347,32.903969,Rockwall,TX,75087
1416,-104.9884,39.883564,Denver,CO,80234
1419,-97.62691,35.46283,Oklahoma City,OK,73128
1420,-70.231659,44.119579,Auburn,ME,04210
141,-121.06323,37.694626,Modesto,CA,95356
1421,-115.20852,36.277332,Las Vegas,NV,89131
1423,-121.86525,37.301933,San Jose,CA,95125
1424,-80.20352,26.27135,Margate,FL,33063
1422,-122.74875,45.38643,Tualatin,OR,97062
1425,-86.448074,35.861378,Murfreesboro,TN,37129
1426,-89.95327,38.784763,Edwardsville,IL,62025
1427,-97.40155,35.43582,Midwest City,OK,73110
1429,-83.5886,41.54204,Perrysburg,OH,43551
142,-121.92157,37.428322,Milpitas,CA,95035
1428,-80.160919,33.037933,Summerville,SC,29483
1432,-118.2193,33.877201,Compton,CA,90220
1434,-90.87778,38.8105,Wentzville,MO,63385
1433,-71.712425,42.527382,Leominster,MA,01453
1436,-76.78031,39.42216,Owings Mills,MD,21117
1437,-77.629143,37.419994,Midlothian,VA,23112
1438,-92.415306,35.08762,Conway,AR,72032
143,-90.600029,38.667542,Chesterfield,MO,63005
1439,-88.6685,32.36271,Meridian,MS,39301
1442,-75.235458,40.988781,Stroudsburg,PA,18360
1441,-116.94949,33.9251,Beaumont,CA,92223
1443,-93.23568,45.169456,Blaine,MN,55434
1444,-76.64229,37.25915,Williamsburg,VA,23185
1445,-77.745163,39.660263,Hagerstown,MD,21740
1446,-86.806381,33.606598,Fultondale,AL,35068
1447,-89.9953,34.965248,Southaven,MS,38671
1448,-73.982094,40.769882,New York,NY,10023
1449,-77.604935,38.793159,Gainesville,VA,20155
1451,-76.808113,34.740192,Morehead City,NC,28557
144,-122.06322,37.601608,Union City,CA,94587
1453,-78.783262,35.9146929,Raleigh,NC,27617
1452,-82.45397,27.38664,Sarasota,FL,34243
1454,-122.78477,45.452473,Beaverton,OR,97008
1457,-97.387077,31.09046,Temple,TX,76504
1458,-95.456131,29.044149,Lake Jackson,TX,77566
1459,-98.70968,29.49046,San Antonio,TX,78253
1455,-78.6984,42.98654,Buffalo,NY,14221
1456,-90.185684,29.960909,New Orleans,LA,70123
145,-82.436119,40.033432,Heath,OH,43056
1460,-76.08811,36.77465,Virginia Beach,VA,23456
1461,-71.051697,41.865547,Taunton,MA,02780
1462,-93.706,32.55937,Bossier City,LA,71111
1463,-93.413391,44.779266,Shakopee,MN,55379
1465,-77.356461,37.607933,Mechanicsville,VA,23111
1464,-69.810112,44.315258,Augusta,ME,04330
1466,-81.198,34.00471,Lexington,SC,29072
1468,-72.86943,41.81984,West Simsbury,CT,06092
1467,-73.612717,40.65556,Baldwin,NY,11510
146,-77.424156,39.024071,Sterling,VA,20165
1470,-106.2655,31.755423,El Paso,TX,79936
1469,-95.093292,29.47323,League City,TX,77573
1473,-98.214592,26.277658,McAllen,TX,78504
1474,-84.59896,39.25076,Cincinnati,OH,45251
1475,-81.633011,30.481318,Jacksonville,FL,32218
1476,-77.41209,38.47249,Stafford,VA,22556
1477,-84.417923,38.024441,Lexington,KY,40509
1478,-77.007545,40.247852,Mechanicsburg,PA,17050
147,-78.73716,35.76342,Cary,NC,27518
1480,-75.661179,39.691059,Newark,DE,19713
1486,-84.74411,33.889713,Hiram,GA,30141
1481,-112.10809,33.716125,Phoenix,AZ,85085
1489,-88.41808,42.6007,Lake Geneva,WI,53147
1482,-117.25175,34.47018,Apple Valley,CA,92308
148,-97.095222,32.928673,Grapevine,TX,76051
1488,-72.86852,41.35174,North Haven,CT,06473
1492,-78.51304,35.79744,Knightdale,NC,27545
1491,-122.8631,45.53969,Hillsboro,OR,97006
1494,-97.315818,32.912228,Fort Worth,TX,76177
1496,-65.9688829,18.3912915,Carolina,PR,00983
149,-76.618835,39.426956,Timonium,MD,21093
1499,-96.00509,36.05953,Tulsa,OK,74132
1498,-80.14063,25.77424,Miami Beach,FL,33139
14,-92.496895,44.064365,Rochester,MN,55901
1501,-94.6572,39.25906,Kansas City,MO,64154
1506,-74.28622,40.71637,Vauxhall,NJ,07088
1502,-80.36966,25.78848,Miami,FL,33172
1503,-80.32548,25.66004,Miami,FL,33156
1507,-92.06699,32.49862,Monroe,LA,71203
1509,-120.95188,37.71503,Riverbank,CA,95367
150,-117.26669,34.06654,San Bernardino,CA,92408
1526,-102.314454,31.896518,Odessa,TX,79762
1510,-118.394938,33.985787,Culver City,CA,90230
1513,-97.462541,37.728201,Wichita,KS,67205
1512,-93.57802,41.71326,Ankeny,IA,50021
1514,-94.1902982,45.0654909,Hutchinson,MN,55350
1515,-80.88285,34.1172,Columbia,SC,29229
1516,-97.35312,30.11261,Bastrop,TX,78602
1517,-95.7068975,29.6425663,Richmond,TX,77406
1520,-73.9217,40.60988,Brooklyn,NY,11234
1519,-90.13492,32.46571,Madison,MS,39110
1511,-118.426925,34.273151,Pacoima,CA,91331
1528,-77.9638869,39.4562099,Martinsburg,WV,25403
1527,-106.2662132,42.8437702,Casper,WY,82609
152,-98.615768,29.471991,San Antonio,TX,78238
1530,-81.4287796,28.490483,Orlando,FL,32839
1531,-73.9905737,40.7349109,New York,NY,10003
1532,-71.2160325,42.4790444,Burlington,MA,01803
1533,-117.08441,32.9775,San Diego,CA,92128
1534,-78.849162,38.433507,Harrisonburg,VA,22801
1535,-74.0406545,40.7344915,Jersey City,NJ,07310
155,-79.888687,36.05294,Greensboro,NC,27407
1538,-75.1395919,40.6731155,Phillipsburg,NJ,08865
1537,-118.12156,34.031778,Montebello,CA,90640
1539,-82.145239,27.013718,Port Charlotte,FL,33954
153,-84.457413,39.285713,Springdale,OH,45246
1540,-87.5309476,33.1909524,Tuscaloosa,AL,35404
1541,-77.44927,43.03403,Victor,NY,14564
1542,-90.161,30.002,Metairie,LA,70002
1545,-93.99523,29.94613,Port Arthur,TX,77640
154,-84.275215,39.098297,Cincinnati,OH,45245
163,-76.555206,38.985939,Annapolis,MD,21401
156,-83.136299,40.07246,Dublin,OH,43016
157,-81.329285,28.553522,Orlando,FL,32803
158,-80.308685,36.063457,Winston Salem,NC,27103
15,-92.936394,44.950054,Oakdale,MN,55128
159,-76.454475,39.372471,Nottingham,MD,21236
160,-79.000542,35.954647,Durham,NC,27707
161,-84.636383,39.014843,Florence,KY,41042
162,-81.736519,41.419174,Cleveland,OH,44129
1536,-79.830226,40.4071615,Jonesboro,AR,72401
164,-104.8744,39.557278,Lone Tree,CO,80124
1658,-71.0228,42.2166,Braintree,MA,02184
1667,-71.3501,41.9443,North Attleboro,MA,02760
1659,-71.435981,42.954145,Manchester,NH,03103
1660,-80.134027,26.364756,Boca Raton,FL,33431
1664,-96.821136,32.931615,Dallas,TX,75240
1663,-71.225321,42.767305,Salem,NH,03079
1665,-80.377607,25.786696,Miami,FL,33172
1662,-71.076376,42.367101,Cambridge,MA,02141
165,-89.792839,35.201088,Memphis,TN,38133
1674,-76.59934,39.40377,Towson,MD,21204
1673,-117.867444,33.77649,Santa Ana,CA,92705
1679,-93.288968,44.743838,Burnsville,MN,55306
1677,-94.212963,45.553496,St. Cloud,MN,56301
168,-81.365799,41.658512,Mentor,OH,44060
167,-95.458916,30.168343,The Woodlands,TX,77380
166,-77.505241,38.303417,Fredericksburg,VA,22401
1676,-98.620834,29.468969,San Antonio,TX,78238
169,-84.082726,35.917561,Knoxville,TN,37923
171,-89.804939,35.047077,Memphis,TN,38125
174,-78.97499,35.054249,Fayetteville,NC,28314
172,-86.68396,36.305931,Madison,TN,37115
16,-93.760139,41.599323,West Des Moines,IA,50265
175,-81.122742,35.260777,Gastonia,NC,28056
170,-86.809196,35.971329,Brentwood,TN,37027
1760,-149.7414524,61.2311804,Anchorage,AK,99504
1776,-76.840031,38.965273,Lanham,MD,20706
1767,-80.80406,35.03367,Charlotte,NC,28277
1761,-111.537546,40.723462,Park City,UT,84098
1764,-75.68684,40.01808,Downingtown,PA,19335
1771,-75.677409,40.2525952,Pottstown,PA,19464
1781,-88.898948,30.455229,D'Iberville,MS,39540
1768,-95.1640715,29.8145471,Houston,TX,77049
176,-97.409218,32.685406,Fort Worth,TX,76132
1782,-117.9863071,34.1361651,Duarte,CA,91010
1763,-81.93613,28.9324,Lady Lake,FL,32159
1777,-87.71181,41.94017,Chicago,IL,60618
1762,-97.59676,30.46995,Pflugerville,TX,78660
1780,-96.65549,33.1267,Allen,TX,75002
1774,-87.46818,41.52766,Highland,IN,46322
1778,-88.36679,41.79631,North Aurora,IL,60542
177,-111.97346,33.318554,Phoenix,AZ,85044
1769,-116.96856,32.62447,Chula Vista,CA,91915
1793,-93.22401,36.6656,Branson,MO,65616-7470
1785,-86.39852,32.45631,Prattville,AL,36066
1784,-98.25903,26.19618,McAllen,TX,78501
1787,-97.48714,35.31384,Moore,OK,73160
1783,-119.71764,39.53096,Sparks,NV,89434
179,-118.40641,34.016224,Culver City,CA,90232
1794,-76.84151,40.85029,Selinsgrove,PA,17870
178,-97.79863,30.468731,Cedar Park,TX,78613
1773,-96.83974,33.17477,Frisco,TX,75034
187,-122.4116,37.768921,San Francisco,CA,94103
1800,-93.07271,34.46667,Hot Springs,AR,71913
183,-118.26443,34.126701,Los Angeles,CA,90039
180,-96.807182,33.108253,Frisco,TX,75034
181,-98.328705,29.567665,Selma,TX,78154
17,-96.753349,43.514053,Sioux Falls,SD,57105
1790,-81.5341,30.2532,Jacksonville,FL,32246
182,-97.708664,31.086962,Killeen,TX,76543
1798,-80.56775,40.06912,Triadelphia,WV,26059
1888,-99.471161,27.6083367,Laredo,TX,78045
1886,-73.87256,40.65451,Brooklyn,NY,11239
1797,-92.531,34.60594,Benton,AR,72015
184,-116.96259,32.806068,El Cajon,CA,92020
1889,-96.84101,32.42337,Waxahachie,TX,75165
1891,-73.89129,40.8613,Bronx,NY,10458
188,-117.09515,32.651306,Chula Vista,CA,91910
1890,-88.57936,44.00427,Oshkosh,WI,54902
1895,-74.0503975,40.2908597,Eatontown,NJ,07724
1892,-77.96541,35.74753,Wilson,NC,27896
1894,-82.4897857,36.5516407,Kingsport,TN,37660
1896,-122.42018,37.63941,San Bruno,CA,94066
1900,-78.675951,35.839319,Raleigh,NC,27612
18,-91.190895,43.875668,Onalaska,WI,54650
1897,-90.507,38.594,Manchester,MO,63011
1908,-73.983487,40.76078,New York,NY,10019
1904,-116.967685,32.804749,El Cajon,CA,92020
1917,-81.9949,34.939526,Spartanburg,SC,29301
1903,-78.762892,35.771285,Cary,NC,27511
1905,-118.552652,34.414004,Valencia,CA,91355
1910,-86.061677,39.907886,Indianapolis,IN,46250
190,-121.87753,37.25631,San Jose,CA,95118
1914,-78.922405,33.700501,Myrtle Beach,SC,29577
1915,-80.041588,32.94358,Charleston,SC,29406
1916,-78.571493,35.864931,Raleigh,NC,27616
1912,-82.523964,35.58147,Asheville,NC,28805
1906,-73.9899,40.73445,New York,NY,10003
1929,-77.052715,39.03819,Silver Spring,MD,20902
191,-121.79893,39.726875,Chico,CA,95928
1920,-83.425456,33.947344,Athens,GA,30606
1922,-87.946287,42.243053,Vernon Hills,IL,60061
1919,-75.62331,40.030088,Exton,PA,19341
1923,-84.088812,33.698426,Lithonia,GA,30038
1926,-74.963355,39.943279,Moorestown,NJ,08057
193,-94.767082,38.914909,Olathe,KS,66062
1927,-74.954257,40.136828,Bensalem,PA,19020
1928,-72.545579,41.807238,Manchester,CT,06042
1918,-75.569822,38.401924,Salisbury,MD,21801
192,-120.41866,34.917507,Santa Maria,CA,93455
1931,-76.547369,38.991343,Annapolis,MD,21401
1932,-77.148603,39.023301,Bethesda,MD,20817
1934,-72.809158,41.551655,Meriden,CT,06451
1936,-74.073868,40.915751,Paramus,NJ,07652
1924,-83.984258,34.071252,Buford,GA,30519
1938,-73.038087,41.236965,Milford,CT,06460
1957,-70.944555,42.545261,Peabody,MA,01960
1940,-73.436827,40.679252,Massapequa,NY,11758
1951,-97.129091,32.68012,Arlington,TX,76015
1946,-75.48306,40.630214,Whitehall,PA,18052
1950,-97.399685,32.679303,Fort Worth,TX,76132
1952,-93.42924,44.85472,Eden Prairie,MN,55344-5306
1954,-96.833368,33.031383,Plano,TX,75093
1953,-96.626379,32.808603,Mesquite,TX,75150
1955,-87.956702,42.3839,Gurnee,IL,60031
1945,-87.306108,41.468893,Merrillville,IN,46410
1959,-95.453792,30.167429,Spring,TX,77380
1958,-95.539662,29.955979,Houston,TX,77070
195,-98.53701,33.868481,Wichita Falls,TX,76308
1960,-80.319071,26.156189,Sunrise,FL,33323
1966,-71.615698,42.353245,Marlborough,MA,01752
1961,-95.46322,29.740402,Houston,TX,77056
202,-96.702805,33.035957,Plano,TX,75074
203,-97.74192,30.387857,Austin,TX,78759
206,-96.030488,41.260722,Omaha,NE,68114
207,-89.64386,40.750259,Peoria,IL,61615
208,-89.512115,43.058937,Madison,WI,53719
19,-93.598244,41.538322,Des Moines,IA,50320
209,-105.05496,39.867207,Westminster,CO,80030
20,-91.62281,42.025673,Cedar Rapids,IA,52402
211,-104.93787,39.685158,Denver,CO,80222
210,-105.09167,39.61937,Littleton,CO,80123
214,-95.538124,29.967516,Houston,TX,77070
215,-95.414383,29.92598,Houston,TX,77037
213,-95.533008,29.68748,Houston,TX,77036
212,-104.71761,38.878166,Colorado Springs,CO,80922
201,-98.493599,29.521643,San Antonio,TX,78216
198,-110.86398,32.222359,Tucson,AZ,85711
205,-97.004326,32.838085,Irving,TX,75062
199,-95.640045,29.587284,Sugar Land,TX,77479
219,-97.543728,35.391657,Oklahoma City,OK,73159
197,-75.393959,40.092281,King of Prussia,PA,19406
204,-97.819771,30.235821,Austin,TX,78735
223,-106.52575,35.081726,Albuquerque,NM,87123
216,-95.526543,29.785477,Houston,TX,77055
217,-104.82673,39.697807,Aurora,CO,80012
218,-101.93421,35.183792,Amarillo,TX,79121
196,-96.639603,33.213333,McKinney,TX,75070
21,-91.602524,41.692726,Coralville,IA,52241
220,-97.567085,35.529671,Oklahoma City,OK,73112
221,-95.860207,36.062862,Tulsa,OK,74133
222,-92.219482,34.791119,North Little Rock,AR,72117
224,-97.420036,37.675171,Wichita,KS,67209
200,-73.319092,40.838463,East Northport,NY,11731
225,-105.0756,40.52911,Fort Collins,CO,80525
226,-101.93748,33.541672,Lubbock,TX,79424
227,-87.490852,37.984589,Evansville,IN,47715
228,-85.131424,41.119022,Fort Wayne,IN,46805
229,-86.069351,39.905849,Indianapolis,IN,46250
2378,-82.78363,27.894913,Largo,FL,33771
237,-106.371365,31.770249,El Paso,TX,79925
231,-86.254257,39.825542,Indianapolis,IN,46254
232,-85.992188,39.773041,Indianapolis,IN,46229
233,-95.294044,29.697538,Houston,TX,77087
234,-97.433205,32.736568,Fort Worth,TX,76116
235,-97.386406,27.71352,Corpus Christi,TX,78411
236,-98.205727,26.191338,McAllen,TX,78501
2370,-80.129269,26.100483,Fort Lauderdale,FL,33316
2371,-80.188977,25.794018,Miami,FL,33132
22,-90.523376,41.570271,Davenport,IA,52807
230,-86.118225,39.62878,Greenwood,IN,46142
2387,-93.2775,44.882942,Richfield,MN,55423
242,-95.140755,29.54365,Webster,TX,77598
238,-94.155014,30.124346,Beaumont,TX,77706
2393,-80.684667,28.355038,Merritt Island,FL,32952
2394,-98.587691,29.564292,San Antonio,TX,78249
2396,-82.5735,27.460803,Bradenton,FL,34207
2399,-93.321479,45.057588,Brooklyn Center,MN,55430
23,-90.50766,41.46843,Moline,IL,61265
239,-95.645424,29.736498,Houston,TX,77077
240,-96.177521,41.262672,Omaha,NE,68118
241,-99.5021573,27.5732941,Laredo,TX,78045
2382,-98.60723,29.482002,San Antonio,TX,78238
243,-83.620056,41.686829,Toledo,OH,43613
2447,-87.743288,41.755876,Burbank,IL,60459
245,-93.21521,44.729126,Apple Valley,MN,55124
244,-97.152046,31.498034,Waco,TX,76711
246,-95.302696,32.288639,Tyler,TX,75703
247,-83.696869,41.615524,Holland,OH,43528
249,-112.11788,33.609314,Phoenix,AZ,85053
248,-94.362411,35.359375,Fort Smith,AR,72903
2501,-87.416047,39.422271,Terre Haute,IN,47802
2504,-96.815371,32.954121,Dallas,TX,75254
2503,-97.05415,36.14249,Stillwater,OK,74075
2505,-117.232736,32.865838,La Jolla,CA,92037
2506,-71.77605,42.19519,Millbury,MA,01527
2508,-76.9318,39.016519,College Park,MD,20740
2507,-92.4591,31.27102,Alexandria,LA,71301
2509,-74.31183,40.99227,Riverdale,NJ,07457
2510,-95.45953,29.685877,Houston,TX,77096-1607
250,-111.97616,33.601425,Phoenix,AZ,85032
2511,-95.37118,35.77228,Muskogee,OK,74401
2513,-82.36668,28.13192,Tampa,FL,33647
2512,-85.878748,39.211812,Columbus,IN,47201
2514,-117.922131,33.856301,Fullerton,CA,92832
2516,-97.789657,30.160714,Austin,TX,78748
2515,-87.47255,46.54769,Marquette,MI,49855
2517,-122.86957,42.353018,Medford,OR,97504
2519,-94.803143,39.77691,Saint Joseph,MO,64506
2518,-73.97417,40.68345,Brooklyn,NY,11217
251,-112.23198,33.639755,Glendale,AZ,85308
2537,-78.410035,40.467871,Altoona,PA,16602
2520,-117.40904,47.702811,Spokane,WA,99207
2522,-92.375518,38.963839,Columbia,MO,65203
2524,-76.816227,40.302123,Harrisburg,PA,17109
2525,-73.224767,41.231089,Trumbull,CT,06611
2526,-119.034423,35.338236,Bakersfield,CA,93304
2530,-82.168421,29.166559,Ocala,FL,34471
2531,-89.913349,35.117236,Memphis,TN,38117
2533,-98.707291,29.491569,San Antonio,TX,78251
2535,-93.163927,45.003495,Roseville,MN,55113
2521,-102.340951,31.893154,Odessa,TX,79762
2538,-82.671862,41.419447,Sandusky,OH,44870
2539,-98.235824,26.187544,Mcallen,TX,78503
257,-80.644325,41.023308,Boardman,OH,44512
2541,-97.491177,35.218483,Norman,OK,73072
259,-84.521439,37.993816,Lexington,KY,40503
2542,-81.395945,28.44594,Orlando,FL,32809
260,-111.85358,33.39109,Mesa,AZ,85202
2545,-98.531471,29.356662,San Antonio,TX,78224
2544,-96.993162,28.87167,Victoria,TX,77904
254,-111.69455,33.392735,Mesa,AZ,85206
256,-96.835213,32.92749,Farmers Branch,TX,75244
264,-81.153114,34.075825,Columbia,SC,29212
253,-112.03876,33.508217,Phoenix,AZ,85016
258,-96.963219,32.999397,Lewisville,TX,75067
2540,-84.037384,35.92623,Knoxville,TN,37919
25,-88.006241,42.960411,Greenfield,WI,53220
269,-77.169968,38.774818,Springfield,VA,22150
2701,-93.020768,45.027936,St. Paul,MN,55109
261,-80.703965,35.126871,Matthews,NC,28105
263,-76.79041,39.1833,Elkridge,MD,21075
255,-95.262512,30.011057,Humble,TX,77338
2704,-86.105015,39.59991,Greenwood,IN,46142
266,-84.050331,39.774101,Fairborn,OH,45324
268,-80.754929,35.313236,Concord,NC,28027
2543,-108.156084,36.757555,Farmington,NM,87402
2707,-117.330068,33.1786,Carlsbad,CA,92008
262,-80.878593,35.088947,Pineville,NC,28134
2712,-117.065718,32.65578,National City,CA,91950
2702,-92.480994,44.007071,Rochester,MN,55902
2714,-95.148136,29.544216,Friendswood,TX,77546
265,-76.863037,39.08559,Laurel,MD,20707
2705,-86.854373,40.393013,Lafayette,IN,47905
2706,-80.254071,26.120718,Plantation,FL,33388
2700,-70.293647,41.667942,Hyannis,MA,02601
270,-80.96037,34.06115,Columbia,SC,29223
2710,-80.36763,25.787121,Doral,FL,33172
2721,-81.337068,28.807089,Sanford,FL,32771
2722,-76.863581,39.217147,Columbia,MD,21044
2713,-80.249783,26.239338,Coral Springs,FL,33071
2703,-74.260638,40.890429,Wayne,NJ,07470
2725,-82.576281,28.068586,Tampa,FL,33625
2716,-86.495262,39.164202,Bloomington,IN,47401
2717,-87.495694,37.981338,Evansville,IN,47715
2718,-92.159865,46.804569,Duluth,MN,55811
2719,-88.008603,42.947838,Greendale,WI,53129
2711,-117.148658,32.768302,San Diego,CA,92108
271,-81.448357,41.521706,Mayfield Heights,OH,44124
26,-88.049141,43.062759,Wauwatosa,WI,53226
2723,-81.063029,29.195698,Daytona Beach,FL,32114
2724,-81.399096,28.443489,Orlando,FL,32809
2715,-88.109,43.0323,Brookfield,WI,53005
2727,-85.136425,41.117674,Fort Wayne,IN,46805
2728,-118.604941,34.190465,Canoga Park,CA,91303
2729,-82.730909,28.017171,Clearwater,FL,33761
2730,-104.824794,39.708946,Aurora,CO,80012
272,-82.299583,34.82943,Greenville,SC,29607
2731,-79.840378,36.03972,Greensboro,NC,27407
2732,-80.298803,36.073922,Winston Salem,NC,27103
2733,-76.495875,37.112494,Newport News,VA,23602
2734,-81.375994,28.663939,Altamonte Springs,FL,32701
2736,-122.576092,45.436607,Happy Valley,OR,97086
2735,-88.067962,44.484684,Green Bay,WI,54304
2738,-88.469505,44.273002,Appleton,WI,54913
2737,-105.157247,39.733323,Lakewood,CO,80401
2739,-76.069787,36.817702,Virginia Beach,VA,23452
273,-77.395248,38.857254,Fairfax,VA,22033
2740,-104.957457,39.716579,Denver,CO,80206
2743,-88.211997,41.760322,Aurora,IL,60504
2741,-87.782524,41.719056,Chicago Ridge,IL,60415
2744,-81.554019,30.186051,Jacksonville,FL,32256
2746,-78.960733,35.072285,Fayetteville,NC,28303
2748,-90.625029,38.775903,St. Peters,MO,63376
2747,-122.654391,45.532547,Portland,OR,97232
274,-84.228798,39.640995,Dayton,OH,45449
2750,-122.717189,38.440447,Santa Rosa,CA,95401
2751,-122.416605,37.637506,San Bruno,CA,94066
2752,-122.061763,37.96721,Concord,CA,94520
2753,-97.397573,37.676109,Wichita,KS,67209
2754,-95.886232,36.062236,Tulsa,OK,74133
2755,-122.261313,47.459824,Tukwila,WA,98188
2758,-85.157315,35.033004,Chattanooga,TN,37421
2757,-91.438715,44.7757,Eau Claire,WI,54701
2759,-89.980302,38.59601,Fairview Heights,IL,62208
275,-92.40596,34.749939,Little Rock,AR,72211
2761,-88.16428,41.577948,Joliet,IL,60431
2762,-96.06833,41.264258,Omaha,NE,68114
2763,-96.775221,43.514084,Sioux Falls,SD,57106
2764,-86.4185,35.848232,Murfreesboro,TN,37129
2766,-86.586381,34.706094,Huntsville,AL,35801
277,-94.666512,38.916534,Overland Park,KS,66210
2767,-87.525883,33.192535,Tuscaloosa,AL,35404
2772,-90.053443,29.911924,Gretna,LA,70053
276,-77.059387,38.86087,Arlington,VA,22202
2773,-94.145309,36.123592,Fayetteville,AR,72703
2774,-85.669589,38.137875,Louisville,KY,40219
2777,-122.052949,38.261323,Fairfield,CA,94533
2776,-121.270046,38.773216,Roseville,CA,95678
2778,-121.86173,37.252621,San Jose,CA,95123
2779,-121.050367,37.686503,Modesto,CA,95356
2765,-88.956401,40.485889,Bloomington,IL,61701
2780,-86.697022,36.304948,Goodlettsville,TN,37072
2794,-84.277526,39.10263,Cincinnati,OH,45245
2784,-82.735868,27.792965,St. Petersburg,FL,33710
2783,-89.505855,43.057224,Madison,WI,53719
2785,-83.641339,41.697339,Toledo,OH,43623
2786,-84.057781,39.766853,Beavercreek,OH,45431
2789,-81.46867,41.114916,Akron,OH,44310
278,-81.47757,41.119858,Cuyahoga Falls,OH,44221
2791,-81.906825,41.417026,North Olmsted,OH,44070
2801,-77.690932,43.204634,Rochester,NY,14626
2802,-77.630613,43.083023,Rochester,NY,14623
2781,-121.427554,38.601935,Sacramento,CA,95815
2795,-85.610049,38.247327,Louisville,KY,40222
2796,-96.641757,40.814023,Lincoln,NE,68505
2797,-90.447791,38.603024,St. Louis,MO,63131
2799,-83.767913,42.979812,Flint,MI,48507
2798,-81.304711,35.706337,Hickory,NC,28602
27,-88.475082,44.274948,Appleton,WI,54913
279,-81.911743,41.414711,North Olmsted,OH,44070
2790,-81.431308,40.856734,Canton,OH,44718
2800,-85.589405,42.221258,Portage,MI,49024
2811,-77.80064,40.831507,State College,PA,16801
280,-102.1193,32.03582,Midland,TX,79705
2804,-81.820213,41.311643,Strongsville,OH,44136
2805,-88.244711,40.139964,Champaign,IL,61820
2808,-80.429373,37.163709,Christianburg,VA,24073
2807,-78.466913,38.067789,Charlottesville,VA,22901
2809,-76.93,40.224407,Camp Hill,PA,17011
2792,-93.955057,44.173232,Mankato,MN,56001
2812,-83.112164,42.534228,Troy,MI,48083
2813,-73.983221,41.966399,Kingston,NY,12401
2803,-77.443875,43.03046,Victor,NY,14564
2810,-77.770843,39.624675,Hagerstown,MD,21740
2814,-76.670703,39.98798,York,PA,17402
2817,-84.421193,42.723902,Okemos,MI,48864
2815,-90.3284854,38.5042596,St. Louis,MO,63129
2818,-75.285787,40.116472,Plymouth Meeting,PA,19462
282,-76.747841,39.313713,Baltimore,MD,21244
281,-93.292557,44.863312,Richfield,MN,55423
2820,-84.2474323,43.6573576,Midland,MI,48642
2821,-81.868501,26.599288,Fort Myers,FL,33901
2822,-119.778056,36.80848,Fresno,CA,93710
2823,-84.6499595,38.9967246,Florence,KY,41042
2824,-86.811281,35.95775,Franklin,TN,37067
2825,-83.30683,42.706747,Auburn Hills,MI,48326
2828,-93.804642,41.569112,West Des Moines,IA,50266
2819,-122.469228,37.669204,Daly City,CA,94015
2830,-122.581833,45.66031,Vancouver,WA,98662
2831,-122.3270436,47.7075525,Seattle,WA,98125
2833,-85.623345,38.250156,Louisville,KY,40207
2834,-92.0647405,32.5006399,Monroe,LA,71203
2835,-93.703178,32.526673,Bossier City,LA,71111
2836,-83.390354,42.341412,Westland,MI,48185
2849,-89.37425,31.324868,Hattiesburg,MS,39402
2838,-73.911997,41.61094,Poughkeepsie,NY,12601
2841,-73.851203,42.689504,Albany,NY,12203
2842,-75.314046,43.079987,New Hartford,NY,13413
2845,-88.044662,43.064415,Wauwatosa,WI,53226
2843,-72.640241,42.17108,Holyoke,MA,01040
2848,-90.758088,29.633827,Houma,LA,70364
2847,-98.391763,34.603548,Lawton,OK,73501
284,-82.112083,41.397774,Elyria,OH,44035
2850,-76.170528,43.066953,Syracuse,NY,13204
283,-77.131279,38.850452,Falls Church,VA,22041
2851,-74.364898,41.453376,Middletown,NY,10941
2861,-71.438431,42.702512,Nashua,NH,03060
2854,-101.922409,33.539839,Lubbock,TX,79414
2855,-97.504533,25.948811,Brownsville,TX,78521
2864,-122.490481,48.786014,Bellingham,WA,98226
2865,-78.817252,42.988718,Amherst,NY,14226
2866,-110.974059,32.288656,Tucson,AZ,85705
2859,-87.287668,36.588758,Clarksville,TN,37040
285,-81.649628,41.133499,Akron,OH,44321
2860,-88.687996,37.07925,Paducah,KY,42001
2862,-87.807425,41.953814,Norridge,IL,60706
2853,-106.658907,35.196132,Albuquerque,NM,87114
2863,-96.843706,46.859647,Fargo,ND,58103
2856,-98.53244,33.868557,Wichita Falls,TX,76308
2857,-74.880177,40.183611,Langhorne,PA,19047
2858,-75.539764,39.193749,Dover,DE,19901
2867,-89.001434,42.71266,Janesville,WI,53545
2868,-77.393539,37.253834,Colonial Heights,VA,23834
2870,-119.313898,36.311032,Visalia,CA,93277
2871,-121.811686,37.324125,San Jose,CA,95122
286,-81.431145,40.875835,North Canton,OH,44720
2872,-122.101571,37.654679,Hayward,CA,94545
2884,-97.18742,31.51389,Waco,TX,76710
2875,-84.942473,32.507897,Columbus,GA,31909
2877,-101.925432,35.186447,Amarillo,TX,79121
2878,-82.497577,27.23332,Sarasota,FL,34238
2879,-75.656921,41.460751,Scranton,PA,18508
287,-77.296356,38.652996,Woodbridge,VA,22192
2880,-77.405638,39.383058,Frederick,MD,21703
2881,-110.867261,32.221467,Tucson,AZ,85711
2882,-106.574227,35.107913,Albuquerque,NM,87110
2883,-71.049596,42.094974,Brockton,MA,02301
2873,-76.230162,36.776397,Chesapeake,VA,23320
2885,-117.349087,34.47041,Victorville,CA,92392
2886,-97.798381,30.47325,Cedar Park,TX,78613
2887,-93.262771,37.16297,Springfield,MO,65804
2897,-90.347596,38.634891,St Louis,MO,63117
2889,-87.71208,42.011834,Lincolnwood,IL,60712
2899,-84.217976,31.616642,Albany,GA,31707
2890,-116.278249,43.60622,Boise,ID,83704
28,-88.06794,44.481197,Green Bay,WI,54304
2891,-111.988517,43.47916,Idaho Falls,ID,83404
2893,-92.342795,34.753461,Little Rock,AR,72205
2894,-84.4714,33.879564,Atlanta,GA,30339
2895,-84.255343,33.84988,Atlanta,GA,30345
2896,-96.712629,33.013702,Plano,TX,75075
2888,-77.205929,39.15098,Gaithersburg,MD,20877
2898,-96.971172,33.002023,Lewisville,TX,75067
288,-77.18708,39.115108,Gaithersburg,MD,20877
289,-115.13538,36.119545,Las Vegas,NV,89119
2892,-102.130957,32.031309,Midland,TX,79705
290,-76.6119,39.193081,Glen Burnie,MD,21061
2900,-95.270589,30.008287,Humble,TX,77338
2902,-87.555288,41.597441,Calumet City,IL,60409
2904,-80.323966,26.144876,Sunrise,FL,33323
2903,-83.746383,42.241132,Ann Arbor,MI,48108
2914,-89.306707,43.122557,Madison,WI,53704
2916,-91.202394,43.866533,La Crosse,WI,54601
2906,-104.758799,38.843587,Colorado Springs,CO,80909
2908,-81.79949,26.171147,Naples,FL,34102
2909,-84.526169,37.986019,Lexington,KY,40503
291,-95.462402,29.73044,Houston,TX,77056
2911,-92.227938,34.790614,N Little Rock,AR,72116
2922,-74.299918,40.557374,Woodbridge,NJ,07095
2923,-84.563595,34.019443,Kennesaw,GA,30144
2913,-89.792061,35.201221,Memphis,TN,38133
2926,-80.662699,41.02281,Youngstown,OH,44512
2927,-77.509526,38.292946,Fredricksburg,VA,22407
2915,-84.746493,33.730042,Douglasville,GA,30135
2917,-121.966635,36.977495,Capitola,CA,95010
2919,-83.129888,40.076419,Dublin,OH,43016
2901,-71.835952,42.203384,Auburn,MA,01501
2920,-73.025054,41.548255,Waterbury,CT,06706
2921,-74.297361,40.25454,Freehold,NJ,07728
2933,-115.04049,36.063818,Henderson,NV,89014
2912,-88.827867,35.656586,Jackson,TN,38305
2925,-79.507773,40.303109,Greensburg,PA,15601
2905,-94.476999,37.090904,Joplin,MO,64801
2907,-104.806389,41.16031,Cheyenne,WY,82009
2928,-96.138455,41.229146,Omaha,NE,68144
2929,-76.959345,38.966951,Hyattsville,MD,20782
292,-82.785385,39.936005,Reynoldsburg,OH,43068
2930,-96.304689,30.62766,College Station,TX,77840
2931,-94.161606,30.125692,Beaumont,TX,77706
293,-77.129662,39.069294,Rockville,MD,20852
2910,-78.163241,39.1635,Winchester,VA,22601
2934,-94.087873,33.457477,Texarkana,TX,75503
2935,-86.205872,43.150131,Muskegon,MI,49444
2936,-80.0991,42.07206,Erie,PA,16565
2938,-118.55356,34.239248,Northridge,CA,91324
2937,-94.374737,35.36377,Ft. Smith,AR,72903
2939,-85.375443,40.221703,Muncie,IN,47303
2953,-105.132383,39.93317,Broomfield,CO,80021
2941,-75.040394,39.431298,Vineland,NJ,08360
2942,-80.371625,25.576382,Miami,FL,33189
2932,-115.199681,36.170231,Las Vegas,NV,89107
2946,-85.766159,38.314503,Clarksville,IN,47129
2945,-70.991288,41.640301,Dartmouth,MA,02747
2948,-82.410275,29.660106,Gainesville,FL,32605
2949,-90.666908,35.823346,Jonesboro,AR,72401
2960,-87.811262,41.847938,Riverside,IL,60546
2952,-88.124753,30.673851,Mobile,AL,36606
294,-81.990952,34.934986,Spartanburg,SC,29301
2940,-121.94599,37.32336,Santa Clara,CA,95050
2954,-99.761614,32.401052,Abilene,TX,79606
2955,-87.845889,42.697577,Racine,WI,53406
2956,-79.793928,40.434593,Monroeville,PA,15146
2958,-86.110929,40.475224,Kokomo,IN,46902
2957,-80.750567,41.210753,Niles,OH,44446
2961,-80.457605,27.641698,Vero Beach,FL,32966
2970,-74.382659,40.423478,East Brunswick,NJ,08816
2971,-115.137237,36.125726,Las Vegas,NV,89169
2962,-81.978279,28.091024,Lakeland,FL,33809
2964,-80.271631,27.243642,Jensen Beach,FL,34957
2965,-117.206612,47.673609,Spokane Valley,WA,99216
2976,-88.702029,34.316112,Tupelo,MS,38804
2967,-96.558346,39.179317,Manhattan,KS,66502
2969,-86.809548,33.376609,Hoover,AL,35244
2968,-77.430241,34.754052,Jacksonville,NC,28546
296,-76.359215,39.527973,Bel Air,MD,21014
295,-82.917114,40.058647,Columbus,OH,43219
2951,-82.080706,33.46587,Augusta,GA,30909
2972,-97.247118,37.682241,Wichita,KS,67207
2973,-81.155452,34.077723,Columbia,SC,29212
2975,-93.437887,44.968016,Minnetonka,MN,55305
2974,-119.780892,39.472229,Reno,NV,89502
2966,-90.564884,38.652475,Chesterfield,MO,63017
2977,-77.906545,34.212796,Wilmington,NC,28403
2979,-97.561129,35.612494,Oklahoma City,OK,73134
2978,-74.069334,40.957782,Paramus,NJ,07652
297,-77.356522,38.961487,Reston,VA,20190
2980,-74.334319,40.548087,Edison,NJ,08837
2984,-73.870366,40.734584,Elmhurst,NY,11373
2993,-76.925585,38.617447,Waldorf,MD,20603
2985,-80.650981,28.081957,Melbourne,FL,32904
2986,-73.724049,40.66312,Valley Stream,NY,11581
2988,-77.505326,38.773324,Manassas,VA,20109
2987,-86.427802,36.948331,Bowling Green,KY,42104
2989,-74.051408,40.288659,Eatontown,NJ,07724
298,-104.79803,38.944344,Colorado Springs,CO,80920
2990,-77.696511,37.517322,Midlothian,VA,23113
301,-88.017883,41.835686,Downers Grove,IL,60515
2991,-122.467565,47.216578,Tacoma,WA,98409
2982,-89.570464,37.298859,Cape Girardeau,MO,63703
304,-88.110245,41.93795,Bloomingdale,IL,60108
2995,-98.446466,29.351798,San Antonio,TX,78223
2998,-80.140796,25.787953,Miami Beach,FL,33139
299,-78.67569,35.837574,Raleigh,NC,27612
29,-87.854462,42.701656,Racine,WI,53406
300,-72.990379,41.279716,Orange,CT,06477
30,-90.33017,38.510273,Saint Louis,MO,63125
2992,-119.226291,46.226266,Kennewick,WA,99336
303,-87.975845,42.108238,Arlington Heights,IL,60004
313,-87.708527,42.020679,Evanston,IL,60202
305,-88.05732,42.051189,Schaumburg,IL,60173
306,-87.7367,41.65369,Crestwood,IL,60445
316,-88.008904,41.752937,Downers Grove,IL,60516
308,-87.857353,41.602459,Orland Park,IL,60462
309,-87.304314,41.473297,Merrillville,IN,46410
302,-87.763657,42.011208,Skokie,IL,60077
310,-88.207924,41.76503,Aurora,IL,60504
311,-87.742494,41.755972,Burbank,IL,60459
312,-87.557167,41.584328,Lansing,IL,60438
2994,-97.808652,30.256297,Austin,TX,78746
315,-88.315041,42.227116,Crystal Lake,IL,60014
307,-88.165031,41.580746,Joliet,IL,60431
318,-87.942871,42.238525,Vernon Hills,IL,60061
330,-93.949699,44.16917,Mankato,MN,56001
31,-89.990382,38.5889386,Fairview Heights,IL,62208
320,-87.805817,41.847572,North Riverside,IL,60546
322,-87.849403,41.90707,Melrose Park,IL,60160
324,-87.872665,41.783432,Countryside,IL,60525
323,-87.653557,41.912025,Chicago,IL,60642
325,-86.18383,41.71912,Mishawaka,IN,46545
327,-86.852875,40.394775,Lafayette,IN,47905
329,-93.442375,45.093018,Maple Grove,MN,55369
32,-90.611115,38.797874,Saint Peters,MO,63376
319,-87.807724,41.954472,Norridge,IL,60706
331,-73.415031,41.416344,Danbury,CT,06810
332,-96.331429,30.625923,College Station,TX,77840
335,-85.677673,38.139385,Louisville,KY,40219
333,-85.623215,38.253174,Louisville,KY,40207
337,-97.083199,47.88855,Grand Forks,ND,58201
339,-82.62899,39.734566,Lancaster,OH,43130
338,-106.65541,35.206696,Albuquerque,NM,87114
340,-88.1146581,30.65070996,Mobile,AL,36606
342,-75.845894,41.237659,Wilkes Barre,PA,18702
341,-75.653275,41.456394,Dickson City,PA,18519
343,-70.987167,41.643394,North Dartmouth,MA,02747
344,-74.076767,40.96693,Paramus,NJ,07652
345,-73.410637,40.825775,Huntington Station,NY,11746
356,-77.513344,38.7895,Manassas,VA,20109
347,-92.074905,30.176125,Lafayette,LA,70503
348,-87.637985,34.842548,Florence,AL,35630
359,-122.48726,48.796295,Bellingham,WA,98226
34,-90.430748,38.754215,Bridgeton,MO,63044
350,-81.553749,30.189497,Jacksonville,FL,32256
352,-117.11728,32.918617,San Diego,CA,92126
364,-121.27426,38.676498,Citrus Heights,CA,95610
353,-97.505981,25.959242,Brownsville,TX,78526
366,-122.29316,47.152443,Puyallup,WA,98373
354,-95.728027,29.786583,Katy,TX,77449
369,-77.893356,40.806892,State College,PA,16803
357,-95.152748,29.645262,Pasadena,TX,77505
370,-94.406761,38.929939,Lees Summit,MO,64081
349,-121.39713,38.426502,Elk Grove,CA,95758
360,-73.108429,44.443977,Williston,VT,05495
362,-117.39812,47.749241,Spokane,WA,99218
374,-73.826805,40.983246,Yonkers,NY,10710
351,-94.150681,36.124676,Fayetteville,AR,72703
365,-83.71122,32.817726,Macon,GA,31206
355,-117.20337,47.67564,Spokane,WA,99216
368,-85.201164,41.067696,Fort Wayne,IN,46804
346,-94.474815,37.094124,Joplin,MO,64801
36,-94.358147,39.049152,Independence,MO,64057
358,-115.03682,36.065033,Henderson,NV,89014
371,-86.109589,40.47047,Kokomo,IN,46902
372,-122.315237,47.317171,Federal Way,WA,98003
373,-90.068474,29.904261,Harvey,LA,70058
363,-93.718773,32.439808,Shreveport,LA,71105
375,-106.00905,35.640133,Santa Fe,NM,87505
387,-88.342552,41.867233,Geneva,IL,60134
378,-77.871399,34.236935,Wilmington,NC,28403
377,-112.43195,34.550468,Prescott,AZ,86303
379,-92.322624,42.459034,Waterloo,IA,50702
380,-89.757571,30.26848,Slidell,LA,70458
392,-117.27953,33.94096,Riverside,CA,92507
383,-86.719803,33.4342,Birmingham,AL,35242
382,-105.15391,39.736855,Lakewood,CO,80401
384,-76.492142,42.481991,Ithaca,NY,14850
386,-77.384796,35.574509,Greenville,NC,27834
385,-70.715469,41.972893,Plymouth,MA,02360
376,-86.422928,42.076942,Benton Harbor,MI,49022
388,-74.298492,40.290363,Manalapan,NJ,07726
390,-82.594879,40.786804,Mansfield,OH,44903
389,-84.08573,33.69778,Conyers,GA,30013
381,-72.759117,41.72427,West Hartford,CT,06110
393,-118.344561,34.089316,W Hollywood,CA,90038
391,-121.45798,37.757935,Tracy,CA,95304
395,-87.208504,30.475636,Pensacola,FL,32504
394,-84.607925,39.129051,Cincinnati,OH,45238
396,-120.67577,35.257591,San Luis Obispo,CA,93405
397,-77.240234,38.924973,Vienna,VA,22182
399,-89.65448,44.920456,Wausau,WI,54401
398,-122.67893,47.655174,Silverdale,WA,98383
39,-94.722305,38.957302,Overland Park,KS,66214
400,-74.143654,40.410389,Holmdel,NJ,07733
402,-83.006142,42.631668,Utica,MI,48315
403,-83.3862122,42.3434956,Westland,MI,48185
401,-83.252899,42.199177,Taylor,MI,48180
405,-83.972229,43.471016,Saginaw,MI,48603
406,-85.581505,42.915329,Grand Rapids,MI,49546
404,-83.282616,42.496433,Southfield,MI,48034
408,-83.765007,42.240841,Ann Arbor,MI,48108
409,-85.689129,43.025014,Grand Rapids,MI,49544
407,-82.923088,42.522266,Roseville,MI,48066
410,-83.203293,42.328255,Dearborn,MI,48126
411,-83.752464,42.985092,Flint,MI,48507
40,-91.431892,44.771576,Eau Claire,WI,54701
413,-85.590546,42.217541,Portage,MI,49002
412,-83.296834,42.606539,Bloomfield Hills,MI,48302
414,-83.105247,42.530613,Madison Heights,MI,48071
415,-82.458565,43.042362,Ft Gratiot,MI,48059
417,-83.43766,42.443993,Novi,MI,48375
416,-84.42382,42.722553,Okemos,MI,48864
425,-81.304495,35.701114,Hickory,NC,28602
419,-71.215454,42.761078,Salem,NH,03079
421,-76.230637,36.773109,Chesapeake,VA,23320
423,-77.602669,37.650169,Glen Allen,VA,23060
420,-76.138672,36.836315,Virginia Beach,VA,23462
422,-77.611366,37.509003,Richmond,VA,23235
427,-77.417465,39.396606,Frederick,MD,21704
424,-82.380379,29.621784,Gainesville,FL,32608
426,-83.985214,34.068127,Buford,GA,30519
418,-72.643005,42.169613,Holyoke,MA,01040
429,-81.55616,30.319458,Jacksonville,FL,32225
428,-73.848686,42.690285,Albany,NY,12203
431,-81.871803,26.587294,Fort Myers,FL,33907
432,-79.800148,40.431396,Monroeville,PA,15146
433,-77.632019,43.077724,Rochester,NY,14623
430,-81.737518,30.19779,Jacksonville,FL,32244
436,-71.176796,42.23859,Dedham,MA,02026
434,-79.96048,37.298843,Roanoke,VA,24012
438,-117.15253,32.768955,San Diego,CA,92108
437,-117.34471,33.182526,Oceanside,CA,92054
435,-84.25943,30.436726,Tallahassee,FL,32301
43,-92.170853,46.808983,Duluth,MN,55811
440,-86.42733,36.953148,Bowling Green,KY,42104
442,-73.236984,40.739594,Bay Shore,NY,11706
444,-79.1884,37.348583,Lynchburg,VA,24502
443,-81.517899,28.553106,Ocoee,FL,34761
441,-71.352348,41.939835,North Attleboro,MA,02760
445,-82.524948,35.580585,Asheville,NC,28805
447,-122.25977,47.447182,Tukwila,WA,98188
446,-76.913223,38.626431,Waldorf,MD,20603
449,-83.29557,42.706615,Auburn Hills,MI,48326
44,-88.154015,43.034664,Brookfield,WI,53045
448,-75.295143,40.102715,Plymouth Meeting,PA,19462
451,-122.80905,45.497982,Beaverton,OR,97005
450,-122.56196,45.57545,Portland,OR,97220
461,-74.370705,41.451874,Middletown,NY,10941
454,-73.600525,40.74416,Westbury,NY,11590
452,-122.57665,45.454605,Portland,OR,97086
453,-122.98762,44.941681,Salem,OR,97301
456,-74.305893,40.559593,Iselin,NJ,08830
457,-74.5464311,40.9044482,Rockaway,NJ,07866
458,-73.100082,40.883862,South Setauket,NY,11720
459,-78.815033,42.999763,Amherst,NY,14228
45,-88.982018,42.270618,Rockford,IL,61107
460,-73.919617,41.624077,Poughkeepsie,NY,12601
455,-73.951889,41.096241,West Nyack,NY,10994
462,-82.583344,28.070105,Tampa,FL,33625
463,-68.746284,44.835999,Bangor,ME,04401
464,-85.761253,42.877113,Grandville,MI,49418
465,-75.543953,39.826527,Wilmington,DE,19803
476,-84.425766,42.26889,Jackson,MI,49202
467,-73.500443,40.727947,Levittown,NY,11756
469,-74.167274,40.577339,Staten Island,NY,10314
46,-88.259209,40.142494,Champaign,IL,61822
470,-122.32269,47.709419,Seattle,WA,98125
471,-73.819061,40.902191,Mount Vernon,NY,10550
472,-74.298042,40.690983,Union,NJ,07083
473,-74.358688,40.801476,East Hanover,NJ,07936
474,-74.044983,40.780956,Secaucus,NJ,07094
468,-74.212135,40.885555,Woodland Park,NJ,07424
475,-74.139458,40.061134,Brick,NJ,08723
477,-122.2688,47.824009,Lynnwood,WA,98036
478,-73.909309,40.753345,Long Island City,NY,11101
479,-76.498558,37.107887,Newport News,VA,23602
47,-89.706505,39.75972,Springfield,IL,62704
480,-86.207275,43.153038,Muskegon,MI,49444
482,-73.99295,40.74194,New York,NY,10010
484,-72.536156,41.807316,Manchester,CT,06040
483,-73.874451,40.735409,Elmhurst,NY,11373
485,-112.36115,33.460163,Goodyear,AZ,85395
486,-76.732841,38.945351,Bowie,MD,20715
487,-72.727386,41.656132,Newington,CT,06111
488,-85.149651,35.038151,Chattanooga,TN,37421
489,-86.345963,39.765411,Avon,IN,46123
48,-95.760719,39.037628,Topeka,KS,66604
490,-86.129921,40.000778,Carmel,IN,46032
491,-85.437332,40.220001,Muncie,IN,47304
492,-89.192314,37.732719,Carbondale,IL,62901
493,-77.049011,38.831665,Alexandria,VA,22305
494,-84.311859,39.29158,Cincinnati,OH,45249
503,-84.345879,33.91827,Dunwoody,GA,30346
497,-111.88907,40.545322,Sandy,UT,84070
496,-112.007388,41.175694,Ogden,UT,84405
498,-122.18105,47.613373,Bellevue,WA,98005
49,-88.951569,40.504742,Bloomington,IL,61704
499,-122.28633,37.827579,Oakland,CA,94608
500,-85.649757,44.725368,Traverse City,MI,49684
4,-93.449539,44.969658,Hopkins,MN,55305
502,-84.478714,33.891396,Smyrna,GA,30080
501,-84.570404,34.010647,Kennesaw,GA,30144
495,-91.085083,30.393513,Baton Rouge,LA,70836
505,-84.324226,33.566811,Morrow,GA,30260
504,-84.130768,33.949905,Duluth,GA,30096
507,-82.074783,33.490231,Augusta,GA,30909
509,-81.407402,28.662216,Altamonte Springs,FL,32714
508,-81.123764,32.00423,Savannah,GA,31406
50,-96.625865,40.812568,Lincoln,NE,68510
511,-83.45231,33.915956,Athens,GA,30606
520,-82.680244,34.552116,Anderson,SC,29621
512,-80.655655,28.079445,Melbourne,FL,32904
513,-84.249758,33.845027,Tucker,GA,30084
515,-81.075783,29.191765,Daytona Beach,FL,32114
514,-86.665344,34.741272,Huntsville,AL,35806
516,-84.284645,34.051708,Alpharetta,GA,30022
517,-80.036537,32.942181,North Charleston,SC,29406
518,-73.98793,41.969181,Kingston,NY,12401
519,-84.757843,33.727421,Douglasville,GA,30135
51,-97.245613,37.722157,Wichita,KS,67206
510,-81.403244,28.445732,Orlando,FL,32809
521,-111.88615,40.658905,Murray,UT,84107
522,-94.245956,46.358746,Baxter,MN,56425
523,-89.570747,37.302067,Cape Girardeau,MO,63703
532,-71.396507,42.301392,Framingham,MA,01701
524,-81.772842,26.220879,Naples,FL,34109
526,-116.28472,43.604088,Boise,ID,83709
527,-111.89649,40.72496,Salt Lake City,UT,84115
537,-71.07775,42.36849,Cambridge,MA,02141
529,-119.31169,36.295441,Visalia,CA,93277
52,-93.258553,37.150909,Springfield,MO,65804
531,-70.33503,43.633976,South Portland,ME,04106
533,-70.940536,42.551113,Danvers,MA,01923
530,-70.999031,42.216267,Braintree,MA,02184
525,-75.241013,40.238003,North Wales,PA,19454
534,-71.441246,42.71386,Nashua,NH,03060
535,-70.799675,43.094627,Newington,NH,03801
547,-76.805817,40.30798,Harrisburg,PA,17112
528,-121.31206,38.000053,Stockton,CA,95207
538,-76.172577,43.069202,Syracuse,NY,13290
539,-149.86519,61.143032,Anchorage,AK,99515
541,-73.742126,43.106651,Saratoga Springs,NY,12866
540,-93.348267,45.201977,Coon Rapids,MN,55448
543,-80.117157,26.162939,Fort Lauderdale,FL,33306
542,-115.33474,36.160297,Las Vegas,NV,89135
544,-74.622353,40.591393,Bridgewater,NJ,08807
545,-75.310799,43.091564,New Hartford,NY,13413
536,-71.431908,42.956944,Manchester,NH,03103
549,-72.151711,41.382202,Waterford,CT,06385
54,-96.630699,32.804329,Mesquite,TX,75150
550,-80.087624,26.719694,West Palm Beach,FL,33401
551,-80.312958,26.147333,Plantation,FL,33323
552,-80.397728,25.68733,Miami,FL,33186
554,-80.20269,26.370686,Boca Raton,FL,33498
553,-80.321373,25.733393,Miami,FL,33155
555,-80.32196,25.857906,Hialeah,FL,33012
566,-122.21465,47.910816,Everett,WA,98208
558,-80.142876,25.971502,Aventura,FL,33180
559,-80.301666,26.006342,Pembroke Pines,FL,33026
55,-97.202721,32.827339,Hurst,TX,76053
560,-82.323654,27.939915,Brandon,FL,33510
561,-82.504753,27.957933,Tampa,FL,33607
562,-82.531593,27.295446,Sarasota,FL,34231
563,-81.972618,28.093895,Lakeland,FL,33809
564,-82.728493,27.966438,Clearwater,FL,33765
557,-80.307457,25.692381,Miami,FL,33143
575,-75.648804,39.727341,Wilmington,DE,19808
571,-81.205269,28.560989,Orlando,FL,32828
565,-82.730141,27.790089,St. Petersburg,FL,33710
56,-96.937014,32.602106,Cedar Hill,TX,75104
569,-71.497124,41.70055,Warwick,RI,02886
570,-82.979889,40.140507,Columbus,OH,43240
572,-90.212784,30.005951,Metaire,LA,70003
573,-82.263016,38.418854,Barboursville,WV,25504
582,-75.328537,39.92009,Springfield,PA,19064
580,-75.965622,40.347271,Wyomissing,PA,19610
567,-71.798485,42.295692,Worcester,MA,01606
584,-80.174454,40.451527,Pittsburgh,PA,15275
577,-74.863243,40.187136,Fairless Hills,PA,19030
579,-75.094734,39.827282,Deptford,NJ,08096
585,-80.007973,40.523521,Pittsburgh,PA,15237
578,-74.67971,40.303524,Princeton,NJ,08540
581,-74.630013,39.45351,Mays Landing,NJ,08330
574,-78.582092,35.693901,Garner,NC,27529
568,-70.29747,41.667824,Hyannis,MA,02601
583,-74.957619,39.940788,Mt Laurel,NJ,08054
576,-75.123978,40.158539,Willow Grove,PA,19090
587,-75.485695,40.628716,Whitehall,PA,18052
57,-97.140121,32.67643,Arlington,TX,76015
588,-79.945236,40.334572,Pittsburgh,PA,15236
589,-75.017868,40.09425,Philadelphia,PA,19115
586,-80.046425,40.345291,Bethel Park,PA,15102
590,-119.21065,46.226234,Kennewick,WA,99336
58,-96.768257,32.876068,Dallas,TX,75231
591,-71.474037,43.232655,Concord,NH,03301
592,-108.57835,45.753693,Billings,MT,59102
594,-94.756844,32.539345,Longview,TX,75605
593,-114.03745,46.889271,Missoula,MT,59808
597,-80.092651,42.057053,Erie,PA,16509
596,-71.158463,42.363464,Watertown,MA,02472
595,-79.511009,40.304958,Greensburg,PA,15601
599,-73.999947,40.595196,Brooklyn,NY,11214
59,-89.299362,43.130154,Madison,WI,53704
598,-74.396378,40.456505,East Brunswick,NJ,08816
609,-73.996689,40.72551,New York,NY,10012
601,-79.421364,35.155853,Aberdeen,NC,28315
603,-96.996155,28.866844,Victoria,TX,77904
604,-93.272888,43.147381,Mason City,IA,50401
600,-123.04425,44.080719,Springfield,OR,97477
606,-88.952835,39.914738,Forsyth,IL,62535
605,-94.093834,33.455402,Texarkana,TX,75503
608,-81.329147,28.800777,Sanford,FL,32771
617,-84.501755,39.38736,Hamilton,OH,45011
602,-92.369583,38.963169,Columbia,MO,65203
607,-88.343216,41.984211,South Elgin,IL,60177
612,-90.138527,30.44239,Covington,LA,70433
613,-94.813057,39.812572,St Joseph,MO,64506
646,-97.552216,35.610817,Oklahoma City,OK,73134
647,-88.055824,42.164577,Kildeer,IL,60047
611,-93.424522,44.860741,Eden Prairie,MN,55344
649,-118.77383,34.284702,Simi Valley,CA,93065
655,-116.79285,47.7379,Coeur d'Alene,ID,83815
648,-79.518105,36.066101,Burlington,NC,27215
664,-80.845535,32.254494,Bluffton,SC,29910
663,-87.291214,36.589325,Clarksville,TN,37040
660,-121.49863,38.636646,Sacramento,CA,95834
688,-80.091019,26.842693,Palm Beach Gardens,FL,33410
662,-85.404282,32.617908,Opelika,AL,36801
667,-88.368393,43.051662,Delafield,WI,53018
665,-97.320786,32.570015,Burleson,TX,76028
654,-87.914368,43.175716,Fox Point,WI,53217
685,-122.01905,37.356812,Sunnyvale,CA,94087
661,-89.357079,31.323195,Hattiesburg,MS,39401
692,-75.03932,39.43007,Vineland,NJ,08360
6,-93.077156,44.879314,Inver Grove Heights,MN,55077
757,-88.119286,43.188984,Menomonee Falls,WI,53051
760,-72.806778,41.550098,Meriden,CT,06450
694,-104.70463,39.607738,Aurora,CO,80016
678,-87.848976,30.666006,Spanish Fort,AL,36527
759,-95.843056,41.229534,Council Bluffs,IA,51501
758,-81.520035,41.313168,Macedonia,OH,44056
762,-95.913109,36.099899,Tulsa,OK,74135
764,-118.44733,34.153481,Sherman Oaks,CA,91403
763,-157.87526,21.318649,Honolulu,HI,96817
768,-94.467415,39.246937,Kansas City,MO,64157
766,-76.4105,36.823021,Chesapeake,VA,23321
767,-81.809525,26.402115,Estero,FL,33928
668,-84.219849,33.463711,Mcdonough,GA,30253
691,-97.694054,30.630672,Georgetown,TX,78627
693,-104.99052,40.415318,Loveland,CO,80538
773,-111.68864,40.274288,Orem,UT,84058
772,-75.565224,38.416882,Salisbury,MD,21804
774,-117.79408,33.721481,Tustin,CA,92782
775,-117.54958,33.977989,Eastvale,CA,91752
776,-84.013058,33.882777,Snellville,GA,30078
778,-88.705612,34.299332,Tupelo,MS,38804
787,-112.35039,33.636982,Surprise,AZ,85374
789,-83.321693,30.842571,Valdosta,GA,31601
788,-77.387878,37.249237,Colonial Heights,VA,23834
790,-83.836006,39.94521,Springfield,OH,45504
791,-85.891365,37.739964,Elizabethtown,KY,42701
793,-85.44733,31.26812,Dothan,AL,36303
792,-96.345161,42.445923,Sioux City,IA,51106
796,-93.800575,41.565117,West Des Moines,IA,50266
797,-121.96262,36.98585,Soquel,CA,95073
798,-122.33651,48.450352,Burlington,WA,98233
795,-83.618866,41.05275,Findlay,OH,45840
7,-93.168518,45.01651,Roseville,MN,55113
799,-86.423141,30.387573,Destin,FL,32541
8002,-84.444486,33.641229,Atlanta,GA,30320
8001,-93.306391,44.864729,Richfield,MN,55423
8004,-97.040653,32.897449,Dallas,TX,75261
8003,-97.040653,32.897449,Dallas,TX,75261
8006,-93.227904,44.873221,Minneapolis,MN,55111
8009,-95.347925,29.986715,Houston,TX,77032
8007,-71.025663,42.363275,Boston,MA,2128
8016,-115.150408,36.08863,Las Vegas,NV,89119
8017,-115.150408,36.08863,Las Vegas,NV,89119
8005,-93.227904,44.873221,Minneapolis,MN,55111
8014,-97.040653,32.897449,Dallas,TX,75261
8008,-115.150408,36.08863,Las Vegas,NV,89119
8011,-122.404346,37.646615,San Francisco,CA,94080
8018,-115.150408,36.08863,Las Vegas,NV,89119
8019,-97.040653,32.897449,Dallas,TX,75261
8010,-95.347925,29.986715,Houston,TX,77032
8020,-71.025663,42.363275,Boston,MA,2128
801,-77.080856,38.948307,Washington,DC,20016
8013,-118.398227,33.94466,Los Angeles,CA,90045
8012,-118.398227,33.94466,Los Angeles,CA,90045
8021,-81.309138,28.430565,Orlando,FL,32827
8022,-89.981706,35.044247,Memphis,TN,38116
8023,-97.040653,32.897449,Dallas,TX,75261
8025,-80.14059,26.067547,Ft. Lauderdale,FL,33315
8026,-119.776726,39.504041,Reno,NV,89502
8027,-73.784817,40.645676,Jamaica,NY,11430
8028,-73.784817,40.645676,Jamaica,NY,11430
8031,-95.347925,29.986715,Houston,TX,77032
802,-106.75091,32.311649,Las Cruces,NM,88001
8032,-95.347925,29.986715,Houston,TX,77032
8034,-118.398227,33.94466,Los Angeles,CA,90045
8033,-73.784817,40.645676,Jamaica,NY,11430
8035,-118.398227,33.94466,Los Angeles,CA,90045
8037,-86.669169,36.131517,Nashville,TN,37214
8036,-80.14059,26.067547,Ft. Lauderdale,FL,33315
8038,-80.14059,26.067547,Ft. Lauderdale,FL,33315
8039,-122.200085,37.729292,Oakland,CA,94621
803,-84.623619,42.741688,Lansing,MI,48917
8040,-74.177373,40.690382,Newark,NJ,7114
8042,-73.856609,40.779051,Flushing,NY,11371
8045,-82.889208,39.99822,Columbus,OH,43219
8046,-73.856609,40.779051,Flushing,NY,11371
8043,-82.902944,40.211273,Cleveland,OH,44181
8048,-115.150408,36.08863,Las Vegas,NV,89119
8047,-73.784817,40.645676,Jamaica,NY,11430
8050,-80.089949,26.68871,West Palm Beach,FL,33415
8052,-96.849343,32.844212,Dallas,TX,75235
8051,-80.089949,26.68871,West Palm Beach,FL,33415
8055,-118.398227,33.94466,Los Angeles,CA,90045
8053,-95.347925,29.986715,Houston,TX,77032
8059,-73.784817,40.645676,Jamaica,NY,11430
8056,-118.398227,33.94466,Los Angeles,CA,90045
805,-77.39399,34.781971,Jacksonville,NC,28546
8060,-97.040653,32.897449,Dallas,TX,75261
8062,-71.025663,42.363275,Boston,MA,2128
8063,-97.040653,32.897449,Dallas,TX,75261
8064,-93.227904,44.873221,Minneapolis,MN,55111
8066,-115.150408,36.08863,Las Vegas,NV,89119
8067,-86.298064,39.714695,Indianapolis,IN,46241
8068,-115.150408,36.08863,Las Vegas,NV,89119
806,-71.322655,41.791756,Seekonk,MA,02771
8069,-73.856609,40.779051,Flushing,NY,11371
8070,-149.981754,61.17426,Anchorage,AK,99502
8071,-118.398227,33.94466,Los Angeles,CA,90045
8073,-118.398227,33.94466,Los Angeles,CA,90045
8074,-81.309138,28.430565,Orlando,FL,32827
8075,-78.800314,35.870697,Morrisville,NC,27623
8087,-74.177373,40.690382,Newark,NJ,7114
8077,-82.889208,39.99822,Columbus,OH,43219
8078,-119.776726,39.504041,Reno,NV,89502
8079,-81.309138,28.430565,Orlando,FL,32827
8080,-86.298064,39.714695,Indianapolis,IN,46241
807,-86.801842,33.37722,Hoover,AL,35244
8081,-149.981754,61.17426,Anchorage,AK,99502
8082,-115.150408,36.08863,Las Vegas,NV,89119
8083,-115.150408,36.08863,Las Vegas,NV,89119
8085,-75.225792,39.898851,Philadelphia,PA,19153
8084,-74.177373,40.690382,Newark,NJ,7114
8076,-97.666935,30.202087,Austin,TX,78719
809,-72.694313,40.929913,Riverhead,NY,11901
808,-80.08805,26.53294,Boynton Beach,FL,33426
8106,-93.227904,44.873221,Minneapolis,MN,55111
8090,-77.448032,38.952866,Dulles,VA,20166
8092,-87.904261,42.948026,Milwaukee,WI,53207
8093,-76.7003,39.178745,Baltimore,MD,21240
8113,-95.347925,29.986715,Houston,TX,77032
8098,-78.800314,35.870697,Morrisville,NC,27623
8099,-81.309138,28.430565,Orlando,FL,32827
8103,-118.398227,33.94466,Los Angeles,CA,90045
8088,-73.784817,40.645676,Jamaica,NY,11430
8119,-106.396121,31.798911,El Paso,TX,79925
8089,-95.347925,29.986715,Houston,TX,77032
8105,-97.666935,30.202087,Austin,TX,78719
8108,-93.227904,44.873221,Minneapolis,MN,55111
8127,-93.227904,44.873221,Minneapolis,MN,55111
8111,-122.404346,37.646615,San Francisco,CA,94080
812,-93.60405,42.009331,Ames,IA,50010
8114,-83.002751,42.408969,Detroit,MI,48213
8116,-115.150408,36.08863,Las Vegas,NV,89119
8118,-84.444486,33.641229,Atlanta,GA,30320
8134,-122.404346,37.646615,San Francisco,CA,94080
8104,-115.150408,36.08863,Las Vegas,NV,89119
8121,-81.309138,28.430565,Orlando,FL,32827
8125,-95.895321,36.197539,Tulsa,OK,74115
8126,-81.309138,28.430565,Orlando,FL,32827
8112,-122.404346,37.646615,San Francisco,CA,94080
8128,-81.309138,28.430565,Orlando,FL,32827
8095,-78.731887,42.934038,Cheektowaga,NY,14225
8130,-73.784817,40.645676,Jamaica,NY,11430
8132,-82.889208,39.99822,Columbus,OH,43219
8131,-115.150408,36.08863,Las Vegas,NV,89119
8145,-122.404346,37.646615,San Francisco,CA,94080
8135,-118.398227,33.94466,Los Angeles,CA,90045
8137,-98.475401,29.528016,San Antonio,TX,78216
8139,-157.919795,21.332003,Honolulu,HI,96819
8138,-98.475401,29.528016,San Antonio,TX,78216
813,-88.127853,41.705456,Bolingbrook,IL,60490
8141,-84.444486,33.641229,Atlanta,GA,30320
8140,-157.919795,21.332003,Honolulu,HI,96819
8142,-84.444486,33.641229,Atlanta,GA,30320
8144,-92.221081,34.72761,Little Rock,AR,72202
8143,-80.14059,26.067547,Ft. Lauderdale,FL,33315
8159,-73.154758,44.469108,S. Burlington,VT,5403
8146,-122.404346,37.646615,San Francisco,CA,94080
8149,-122.200085,37.729292,Oakland,CA,94621
8147,-81.208756,32.135632,Savannah,GA,31408
814,-87.670631,41.919514,Chicago,IL,60614
8150,-97.040653,32.897449,Dallas,TX,75261
8153,-157.919795,21.332003,Honolulu,HI,96819
8152,-157.919795,21.332003,Honolulu,HI,96819
8156,-71.435941,41.725901,Warwick,RI,2886
8157,-71.435941,41.725901,Warwick,RI,2886
8117,-115.150408,36.08863,Las Vegas,NV,89119
8158,-77.663133,43.128276,Rochester,NY,14624
8160,-94.715947,39.305254,Kansas City,MO,64153
8161,-94.715947,39.305254,Kansas City,MO,64153
8164,-117.196704,32.729565,San Diego,CA,92101
8162,-70.310492,43.647207,Portland,ME,4102
8165,-117.196704,32.729565,San Diego,CA,92101
8166,-117.196715,32.730323,San Diego,CA,92101
8167,-117.196704,32.729565,San Diego,CA,92101
8169,-80.944165,35.223517,Charlotte,NC,28208
816,-80.460098,27.642433,Vero Beach,FL,32966
8170,-84.444486,33.641229,Atlanta,GA,30320
8173,-94.297207,36.275599,Bentonville,AR,72712
8177,-83.003717,42.409021,Detroit,MI,48213
8174,-115.150408,36.08863,Las Vegas,NV,89119
817,-88.689384,37.077511,Paducah,KY,42001
8180,-121.587941,38.692686,Sacramento,CA,95837
8181,-85.529585,42.884652,Grand Rapids,MI,49512
8182,-85.529585,42.884652,Grand Rapids,MI,49512
8183,-157.919795,21.332003,Honolulu,HI,96819
8184,-122.404346,37.646615,San Francisco,CA,94080
8186,-79.993966,40.442748,Pittsburgh,PA,15231
821,-78.579881,35.857307,Raleigh,NC,27616
8188,-82.217302,34.890805,Greer,SC,29651
8190,-76.722108,40.201756,Middletown,PA,17057
825,-80.104156,40.688969,Cranberry Township,PA,16066
8192,-115.149411,36.085883,Las Vegas,NV,89119
8193,-81.684564,30.491183,Jacksonville,FL,32218
8194,-115.150408,36.08863,Las Vegas,NV,89119
828,-97.9543,29.85249,San Marcos,TX,78666
819,-77.248444,39.199818,Germantown,MD,20876
8187,-79.993966,40.442748,Pittsburgh,PA,15231
820,-71.617363,42.35458,Marlborough,MA,01752
824,-73.035072,40.778362,Patchogue,NY,11772
822,-73.793617,41.02721,Hartsdale,NY,10530
818,-71.026398,42.46162,Saugus,MA,01906
826,-79.828201,34.191662,Florence,SC,29501
835,-73.956085,40.779835,New York,NY,10028
8196,-84.444379,33.640863,Atlanta,GA,30320
829,-106.54884,31.816338,El Paso,TX,79912
830,-122.46436,47.213566,Tacoma,WA,98409
831,-120.48235,46.567719,Yakima,WA,98903
840,-85.178268,42.264992,Battle Creek,MI,49014
833,-90.336487,38.628471,St Louis,MO,63144
834,-80.746506,41.20969,Niles,OH,44446
836,-86.218086,32.358273,Montgomery,AL,36117
827,-97.10067,33.192524,Denton,TX,76205
837,-95.25856,38.929489,Lawrence,KS,66046
838,-122.3577,40.592449,Redding,CA,96003
839,-122.93478,47.043945,Olympia,WA,98502
8500,-77.006254,38.897121,Washington,DC,20002
842,-75.537704,39.188335,Dover,DE,19901
841,-83.784676,42.544529,Brighton,MI,48116
844,-120.49738,37.317204,Merced,CA,95348
851,-121.94843,37.322704,San Jose,CA,95128
846,-117.719363,33.998554,Chino,CA,91710
8529,-88.722857,41.948296,DeKalb,IL,60115
832,-80.005051,39.650828,Morgantown,WV,26501
8532,-87.840625,42.258634,Lake Forest,IL,60045
849,-87.965179,42.381054,Gurnee,IL,60031
8539,-74.182435,40.835663,Bloomfield,NJ,7003
8511,-80.3742,27.337788,Port St. Lucie,FL,34983
845,-121.12414,38.644722,Folsom,CA,95630
8528,-88.844267,42.26391,Belvidere,IL,61008
8527,-73.026968,41.246851,Milford,CT,6460
843,-84.945961,32.508667,Columbus,GA,31909
850,-119.77578,39.10384,Carson City,NV,89705
852,-157.9497,21.384672,Aiea,HI,96701
8531,-87.928578,41.796746,Hinsdale,IL,60521
8534,-87.869706,41.9545,Schiller Park,IL,60176
847,-117.51798,33.82391,Corona,CA,92881
8556,-82.217301,34.890806,Greer,SC,29651
8542,-74.444407,39.351884,Atlantic City,NJ,8401
8558,-95.276667,29.654166,Houston,TX,77061
8545,-73.447961,41.097517,Darien,CT,6820
8547,-72.781461,41.298587,Branford,CT,6405
8548,-157.919795,21.332003,Honolulu,HI,96819
8549,-115.202272,36.105711,Las Vegas,NV,89103
857,-85.644653,30.188267,Panama City,FL,32405
8551,-89.345808,43.136469,Madison,WI,53704
8600,-77.015264,38.782003,Oxon Hill,MD,20745
853,-88.85743,35.663754,Jackson,TN,38305
8602,-90.06351,29.947738,New Orleans,LA,70130
8544,-73.448065,41.09751,Darien,CT,6820
8559,-95.276667,29.654166,Houston,TX,77061
855,-78.917053,33.706165,Myrtle Beach,SC,29577
856,-119.09827,35.385105,Bakersfield,CA,93312
854,-117.725031,33.628949,Irvine,CA,92618
858,-86.497787,39.165169,Bloomington,IN,47401
859,-97.671028,30.477478,Round Rock,TX,78664
8553,-93.305345,44.863965,Richfield,MN,55423
8601,-97.064959,32.955345,Grapevine,TX,76051
8557,-118.144651,33.818194,Long Beach,CA,90808
8605,-87.618948,41.851242,Chicago,IL,60616
8608,-87.885145,41.981285,Chicago,IL,60018
8611,-86.679254,36.210762,Nashville,TN,37214
860,-78.496689,38.058674,Charlottesville,VA,22901
861,-103.21864,44.108173,Rapid City,SD,57701
862,-82.167549,29.165569,Ocala,FL,34471
863,-121.29939,44.104492,Bend,OR,97701
864,-98.597176,29.610323,San Antonio,TX,78257
873,-122.46246,37.677597,Colma,CA,94014
867,-94.72364,31.309105,Lufkin,TX,75901
866,-108.16288,36.750149,Farmington,NM,87402
868,-72.326271,43.625576,West Lebanon,NH,03784
877,-71.054298,42.094341,Brockton,MA,02301
878,-90.723267,42.493088,Dubuque,IA,52002
870,-111.89207,33.626423,Scottsdale,AZ,85262
872,-118.12892,33.922974,Downey,CA,90242
8809,-74.427273,39.384248,Atlantic City,NJ,8401
880,-81.942741,40.851982,Wooster,OH,44691
875,-97.483513,35.222134,Norman,OK,73069
876,-95.643478,29.881201,Houston,TX,77095
8815,-115.176758,36.104488,Las Vegas,NV,89109
869,-111.89569,33.299419,Chandler,AZ,85226
8803,-115.175947,36.095977,Las Vegas,NV,89119
879,-82.67083,41.416252,Sandusky,OH,44870
8807,-74.435772,39.35687,Atlantic City,NJ,8401
874,-114.45326,42.596416,Twin Falls,ID,83301
865,-95.472633,30.312145,Conroe,TX,77301
8811,-74.433456,39.357742,Atlantic City,NJ,8401
8812,-115.186442,36.118699,Las Vegas,NV,89103
8813,-115.172501,36.110067,Las Vegas,NV,89109
887,-74.074898,40.915257,Paramus,NJ,07652
8817,-114.575073,35.157675,Laughlin,NV,89029
8818,-115.173516,36.103001,Las Vegas,NV,89109
881,-80.268044,27.236624,Stuart,FL,34994
8918,-93.273584,44.977644,Minneapolis,MN,55402
883,-86.089986,42.819293,Holland,MI,49424
884,-121.55201,37.006283,Gilroy,CA,95020
885,-82.71051,28.293377,Port Richey,FL,34668
886,-73.438286,41.103142,Norwalk,CT,06854
871,-117.17302,33.135944,San Marcos,CA,92069
894,-80.976654,34.938496,Rock Hill,SC,29730
890,-84.363274,33.82481,Atlanta,GA,30324
8915,-93.273376,44.970269,Minneapolis,MN,55403
8916,-94.715947,39.305254,Kansas City,MO,64153
882,-79.907608,40.411785,Munhall,PA,15120
891,-113.52153,37.129784,Washington,UT,84780
8920,-87.633141,41.879731,Chicago,IL,60603
892,-88.97995,42.717072,Janesville,WI,53546
8,-93.288039,44.747404,Burnsville,MN,55337
8900,-118.340261,34.102593,Hollywood,CA,90028
899,-82.400635,36.349331,Johnson City,TN,37604
896,-84.347588,33.757484,Atlanta,GA,30307
898,-75.139755,39.916004,Philadelphia,PA,19148
893,-88.722191,41.947678,Dekalb,IL,60115
938,-90.057671,32.344334,Flowood,MS,39232
942,-90.446098,38.512543,Fenton,MO,63026
950,-73.723564,40.66304,Valley Stream,NY,11581
895,-114.60431,32.700935,Yuma,AZ,85365
944,-111.98541,43.478294,Idaho Falls,ID,83404
897,-83.358322,42.524887,Farmington Hills,MI,48334
943,-90.750656,29.610771,Houma,LA,70360
945,-111.83335,41.760372,Logan,UT,84341
947,-117.89139,33.79018,Orange,CA,92868
948,-95.385445,29.556917,Pearland,TX,77584
940,-99.760239,32.400845,Abilene,TX,79606
951,-87.025002,41.468235,Valparaiso,IN,46383
949,-83.13018,42.642002,Rochester Hills,MI,48307
952,-94.97554,29.774206,Baytown,TX,77521
953,-82.536293,35.442486,Arden,NC,28704
